SNR_dB,rho,Near_user_PEP,Far_user_PEP,Average_PEP,kappa,selected_relay,selected_relay_gain
5.00000,0.05000,0.38557,0.38877,0.38717,2.00000,2.00000,0.43179
5.00000,0.05452,0.38151,0.38480,0.38316,2.00000,2.00000,0.43179
5.00000,0.05905,0.37772,0.38110,0.37941,2.00000,2.00000,0.43179
5.00000,0.06357,0.37416,0.37762,0.37589,2.00000,2.00000,0.43179
5.00000,0.06809,0.37082,0.37436,0.37259,2.00000,2.00000,0.43179
5.00000,0.07261,0.36768,0.37128,0.36948,2.00000,2.00000,0.43179
5.00000,0.07714,0.36471,0.36837,0.36654,2.00000,2.00000,0.43179
5.00000,0.08166,0.36190,0.36562,0.36376,2.00000,2.00000,0.43179
5.00000,0.08618,0.35924,0.36301,0.36113,2.00000,2.00000,0.43179
5.00000,0.09070,0.35671,0.36054,0.35863,2.00000,2.00000,0.43179
5.00000,0.09523,0.35432,0.35819,0.35625,2.00000,2.00000,0.43179
5.00000,0.09975,0.35204,0.35596,0.35400,2.00000,2.00000,0.43179
5.00000,0.10427,0.34987,0.35383,0.35185,2.00000,2.00000,0.43179
5.00000,0.10879,0.34780,0.35180,0.34980,2.00000,2.00000,0.43179
5.00000,0.11332,0.34584,0.34986,0.34785,2.00000,2.00000,0.43179
5.00000,0.11784,0.34396,0.34802,0.34599,2.00000,2.00000,0.43179
5.00000,0.12236,0.34216,0.34625,0.34421,2.00000,2.00000,0.43179
5.00000,0.12688,0.34045,0.34457,0.34251,2.00000,2.00000,0.43179
5.00000,0.13141,0.33882,0.34296,0.34089,2.00000,2.00000,0.43179
5.00000,0.13593,0.33725,0.34142,0.33934,2.00000,2.00000,0.43179
5.00000,0.14045,0.33576,0.33994,0.33785,2.00000,2.00000,0.43179
5.00000,0.14497,0.33433,0.33853,0.33643,2.00000,2.00000,0.43179
5.00000,0.14950,0.33296,0.33718,0.33507,2.00000,2.00000,0.43179
5.00000,0.15402,0.33165,0.33589,0.33377,2.00000,2.00000,0.43179
5.00000,0.15854,0.33040,0.33466,0.33253,2.00000,2.00000,0.43179
5.00000,0.16307,0.32920,0.33347,0.33133,2.00000,2.00000,0.43179
5.00000,0.16759,0.32805,0.33234,0.33019,2.00000,2.00000,0.43179
5.00000,0.17211,0.32695,0.33125,0.32910,2.00000,2.00000,0.43179
5.00000,0.17663,0.32590,0.33021,0.32806,2.00000,2.00000,0.43179
5.00000,0.18116,0.32490,0.32921,0.32706,2.00000,2.00000,0.43179
5.00000,0.18568,0.32394,0.32826,0.32610,2.00000,2.00000,0.43179
5.00000,0.19020,0.32302,0.32735,0.32518,2.00000,2.00000,0.43179
5.00000,0.19472,0.32214,0.32648,0.32431,2.00000,2.00000,0.43179
5.00000,0.19925,0.32130,0.32564,0.32347,2.00000,2.00000,0.43179
5.00000,0.20377,0.32050,0.32485,0.32267,2.00000,2.00000,0.43179
5.00000,0.20829,0.31973,0.32409,0.32191,2.00000,2.00000,0.43179
5.00000,0.21281,0.31900,0.32336,0.32118,2.00000,2.00000,0.43179
5.00000,0.21734,0.31831,0.32266,0.32049,2.00000,2.00000,0.43179
5.00000,0.22186,0.31764,0.32200,0.31982,2.00000,2.00000,0.43179
5.00000,0.22638,0.31701,0.32137,0.31919,2.00000,2.00000,0.43179
5.00000,0.23090,0.31641,0.32077,0.31859,2.00000,2.00000,0.43179
5.00000,0.23543,0.31584,0.32020,0.31802,2.00000,2.00000,0.43179
5.00000,0.23995,0.31530,0.31966,0.31748,2.00000,2.00000,0.43179
5.00000,0.24447,0.31478,0.31914,0.31696,2.00000,2.00000,0.43179
5.00000,0.24899,0.31430,0.31865,0.31647,2.00000,2.00000,0.43179
5.00000,0.25352,0.31384,0.31819,0.31601,2.00000,2.00000,0.43179
5.00000,0.25804,0.31340,0.31775,0.31558,2.00000,2.00000,0.43179
5.00000,0.26256,0.31299,0.31734,0.31517,2.00000,2.00000,0.43179
5.00000,0.26709,0.31261,0.31695,0.31478,2.00000,2.00000,0.43179
5.00000,0.27161,0.31225,0.31659,0.31442,2.00000,2.00000,0.43179
5.00000,0.27613,0.31191,0.31625,0.31408,2.00000,2.00000,0.43179
5.00000,0.28065,0.31160,0.31593,0.31376,2.00000,2.00000,0.43179
5.00000,0.28518,0.31131,0.31563,0.31347,2.00000,2.00000,0.43179
5.00000,0.28970,0.31104,0.31535,0.31319,2.00000,2.00000,0.43179
5.00000,0.29422,0.31079,0.31510,0.31294,2.00000,2.00000,0.43179
5.00000,0.29874,0.31056,0.31486,0.31271,2.00000,2.00000,0.43179
5.00000,0.30327,0.31035,0.31465,0.31250,2.00000,2.00000,0.43179
5.00000,0.30779,0.31016,0.31445,0.31231,2.00000,2.00000,0.43179
5.00000,0.31231,0.31000,0.31428,0.31214,2.00000,2.00000,0.43179
5.00000,0.31683,0.30985,0.31412,0.31198,2.00000,2.00000,0.43179
5.00000,0.32136,0.30972,0.31398,0.31185,2.00000,2.00000,0.43179
5.00000,0.32588,0.30961,0.31386,0.31173,2.00000,2.00000,0.43179
5.00000,0.33040,0.30951,0.31376,0.31164,2.00000,2.00000,0.43179
5.00000,0.33492,0.30944,0.31367,0.31155,2.00000,2.00000,0.43179
5.00000,0.33945,0.30938,0.31360,0.31149,2.00000,2.00000,0.43179
5.00000,0.34397,0.30934,0.31355,0.31145,2.00000,2.00000,0.43179
5.00000,0.34849,0.30931,0.31352,0.31142,2.00000,2.00000,0.43179
5.00000,0.35302,0.30931,0.31350,0.31140,2.00000,2.00000,0.43179
5.00000,0.35754,0.30931,0.31350,0.31141,2.00000,2.00000,0.43179
5.00000,0.36206,0.30934,0.31351,0.31143,2.00000,2.00000,0.43179
5.00000,0.36658,0.30938,0.31354,0.31146,2.00000,2.00000,0.43179
5.00000,0.37111,0.30944,0.31359,0.31151,2.00000,2.00000,0.43179
5.00000,0.37563,0.30951,0.31365,0.31158,2.00000,2.00000,0.43179
5.00000,0.38015,0.30960,0.31372,0.31166,2.00000,2.00000,0.43179
5.00000,0.38467,0.30970,0.31381,0.31175,2.00000,2.00000,0.43179
5.00000,0.38920,0.30981,0.31391,0.31186,2.00000,2.00000,0.43179
5.00000,0.39372,0.30995,0.31403,0.31199,2.00000,2.00000,0.43179
5.00000,0.39824,0.31009,0.31417,0.31213,2.00000,2.00000,0.43179
5.00000,0.40276,0.31025,0.31431,0.31228,2.00000,2.00000,0.43179
5.00000,0.40729,0.31043,0.31447,0.31245,2.00000,2.00000,0.43179
5.00000,0.41181,0.31062,0.31465,0.31263,2.00000,2.00000,0.43179
5.00000,0.41633,0.31082,0.31484,0.31283,2.00000,2.00000,0.43179
5.00000,0.42085,0.31104,0.31504,0.31304,2.00000,2.00000,0.43179
5.00000,0.42538,0.31127,0.31526,0.31326,2.00000,2.00000,0.43179
5.00000,0.42990,0.31151,0.31549,0.31350,2.00000,2.00000,0.43179
5.00000,0.43442,0.31177,0.31573,0.31375,2.00000,2.00000,0.43179
5.00000,0.43894,0.31204,0.31598,0.31401,2.00000,2.00000,0.43179
5.00000,0.44347,0.31232,0.31625,0.31429,2.00000,2.00000,0.43179
5.00000,0.44799,0.31262,0.31653,0.31458,2.00000,2.00000,0.43179
5.00000,0.45251,0.31293,0.31683,0.31488,2.00000,2.00000,0.43179
5.00000,0.45704,0.31325,0.31714,0.31520,2.00000,2.00000,0.43179
5.00000,0.46156,0.31359,0.31746,0.31552,2.00000,2.00000,0.43179
5.00000,0.46608,0.31394,0.31779,0.31586,2.00000,2.00000,0.43179
5.00000,0.47060,0.31430,0.31813,0.31622,2.00000,2.00000,0.43179
5.00000,0.47513,0.31468,0.31849,0.31658,2.00000,2.00000,0.43179
5.00000,0.47965,0.31506,0.31886,0.31696,2.00000,2.00000,0.43179
5.00000,0.48417,0.31546,0.31925,0.31736,2.00000,2.00000,0.43179
5.00000,0.48869,0.31588,0.31964,0.31776,2.00000,2.00000,0.43179
5.00000,0.49322,0.31630,0.32005,0.31818,2.00000,2.00000,0.43179
5.00000,0.49774,0.31674,0.32047,0.31861,2.00000,2.00000,0.43179
5.00000,0.50226,0.31719,0.32090,0.31905,2.00000,2.00000,0.43179
5.00000,0.50678,0.31765,0.32135,0.31950,2.00000,2.00000,0.43179
5.00000,0.51131,0.31813,0.32181,0.31997,2.00000,2.00000,0.43179
5.00000,0.51583,0.31862,0.32227,0.32045,2.00000,2.00000,0.43179
5.00000,0.52035,0.31912,0.32276,0.32094,2.00000,2.00000,0.43179
5.00000,0.52487,0.31963,0.32325,0.32144,2.00000,2.00000,0.43179
5.00000,0.52940,0.32016,0.32376,0.32196,2.00000,2.00000,0.43179
5.00000,0.53392,0.32070,0.32428,0.32249,2.00000,2.00000,0.43179
5.00000,0.53844,0.32125,0.32481,0.32303,2.00000,2.00000,0.43179
5.00000,0.54296,0.32181,0.32535,0.32358,2.00000,2.00000,0.43179
5.00000,0.54749,0.32239,0.32591,0.32415,2.00000,2.00000,0.43179
5.00000,0.55201,0.32297,0.32648,0.32473,2.00000,2.00000,0.43179
5.00000,0.55653,0.32357,0.32706,0.32532,2.00000,2.00000,0.43179
5.00000,0.56106,0.32419,0.32765,0.32592,2.00000,2.00000,0.43179
5.00000,0.56558,0.32481,0.32826,0.32654,2.00000,2.00000,0.43179
5.00000,0.57010,0.32545,0.32888,0.32717,2.00000,2.00000,0.43179
5.00000,0.57462,0.32611,0.32951,0.32781,2.00000,2.00000,0.43179
5.00000,0.57915,0.32677,0.33015,0.32846,2.00000,2.00000,0.43179
5.00000,0.58367,0.32745,0.33081,0.32913,2.00000,2.00000,0.43179
5.00000,0.58819,0.32814,0.33148,0.32981,2.00000,2.00000,0.43179
5.00000,0.59271,0.32884,0.33216,0.33050,2.00000,2.00000,0.43179
5.00000,0.59724,0.32956,0.33286,0.33121,2.00000,2.00000,0.43179
5.00000,0.60176,0.33029,0.33357,0.33193,2.00000,2.00000,0.43179
5.00000,0.60628,0.33104,0.33429,0.33266,2.00000,2.00000,0.43179
5.00000,0.61080,0.33179,0.33503,0.33341,2.00000,2.00000,0.43179
5.00000,0.61533,0.33256,0.33577,0.33417,2.00000,2.00000,0.43179
5.00000,0.61985,0.33335,0.33654,0.33494,2.00000,2.00000,0.43179
5.00000,0.62437,0.33415,0.33731,0.33573,2.00000,2.00000,0.43179
5.00000,0.62889,0.33496,0.33810,0.33653,2.00000,2.00000,0.43179
5.00000,0.63342,0.33579,0.33891,0.33735,2.00000,2.00000,0.43179
5.00000,0.63794,0.33663,0.33972,0.33817,2.00000,2.00000,0.43179
5.00000,0.64246,0.33748,0.34056,0.33902,2.00000,2.00000,0.43179
5.00000,0.64698,0.33835,0.34140,0.33988,2.00000,2.00000,0.43179
5.00000,0.65151,0.33923,0.34226,0.34075,2.00000,2.00000,0.43179
5.00000,0.65603,0.34013,0.34314,0.34163,2.00000,2.00000,0.43179
5.00000,0.66055,0.34105,0.34403,0.34254,2.00000,2.00000,0.43179
5.00000,0.66508,0.34198,0.34493,0.34345,2.00000,2.00000,0.43179
5.00000,0.66960,0.34292,0.34585,0.34439,2.00000,2.00000,0.43179
5.00000,0.67412,0.34388,0.34679,0.34533,2.00000,2.00000,0.43179
5.00000,0.67864,0.34486,0.34774,0.34630,2.00000,2.00000,0.43179
5.00000,0.68317,0.34585,0.34870,0.34727,2.00000,2.00000,0.43179
5.00000,0.68769,0.34685,0.34969,0.34827,2.00000,2.00000,0.43179
5.00000,0.69221,0.34788,0.35068,0.34928,2.00000,2.00000,0.43179
5.00000,0.69673,0.34892,0.35170,0.35031,2.00000,2.00000,0.43179
5.00000,0.70126,0.34998,0.35273,0.35135,2.00000,2.00000,0.43179
5.00000,0.70578,0.35105,0.35378,0.35241,2.00000,2.00000,0.43179
5.00000,0.71030,0.35214,0.35484,0.35349,2.00000,2.00000,0.43179
5.00000,0.71482,0.35325,0.35593,0.35459,2.00000,2.00000,0.43179
5.00000,0.71935,0.35438,0.35703,0.35570,2.00000,2.00000,0.43179
5.00000,0.72387,0.35553,0.35815,0.35684,2.00000,2.00000,0.43179
5.00000,0.72839,0.35669,0.35929,0.35799,2.00000,2.00000,0.43179
5.00000,0.73291,0.35788,0.36044,0.35916,2.00000,2.00000,0.43179
5.00000,0.73744,0.35908,0.36162,0.36035,2.00000,2.00000,0.43179
5.00000,0.74196,0.36030,0.36281,0.36156,2.00000,2.00000,0.43179
5.00000,0.74648,0.36155,0.36403,0.36279,2.00000,2.00000,0.43179
5.00000,0.75101,0.36281,0.36526,0.36404,2.00000,2.00000,0.43179
5.00000,0.75553,0.36409,0.36652,0.36531,2.00000,2.00000,0.43179
5.00000,0.76005,0.36540,0.36780,0.36660,2.00000,2.00000,0.43179
5.00000,0.76457,0.36673,0.36910,0.36791,2.00000,2.00000,0.43179
5.00000,0.76910,0.36808,0.37042,0.36925,2.00000,2.00000,0.43179
5.00000,0.77362,0.36945,0.37176,0.37061,2.00000,2.00000,0.43179
5.00000,0.77814,0.37085,0.37313,0.37199,2.00000,2.00000,0.43179
5.00000,0.78266,0.37227,0.37452,0.37339,2.00000,2.00000,0.43179
5.00000,0.78719,0.37372,0.37593,0.37482,2.00000,2.00000,0.43179
5.00000,0.79171,0.37519,0.37737,0.37628,2.00000,2.00000,0.43179
5.00000,0.79623,0.37668,0.37884,0.37776,2.00000,2.00000,0.43179
5.00000,0.80075,0.37821,0.38033,0.37927,2.00000,2.00000,0.43179
5.00000,0.80528,0.37976,0.38185,0.38080,2.00000,2.00000,0.43179
5.00000,0.80980,0.38134,0.38339,0.38236,2.00000,2.00000,0.43179
5.00000,0.81432,0.38294,0.38497,0.38396,2.00000,2.00000,0.43179
5.00000,0.81884,0.38458,0.38657,0.38558,2.00000,2.00000,0.43179
5.00000,0.82337,0.38625,0.38821,0.38723,2.00000,2.00000,0.43179
5.00000,0.82789,0.38795,0.38987,0.38891,2.00000,2.00000,0.43179
5.00000,0.83241,0.38968,0.39157,0.39063,2.00000,2.00000,0.43179
5.00000,0.83693,0.39145,0.39330,0.39237,2.00000,2.00000,0.43179
5.00000,0.84146,0.39325,0.39507,0.39416,2.00000,2.00000,0.43179
5.00000,0.84598,0.39509,0.39687,0.39598,2.00000,2.00000,0.43179
5.00000,0.85050,0.39696,0.39871,0.39783,2.00000,2.00000,0.43179
5.00000,0.85503,0.39887,0.40058,0.39973,2.00000,2.00000,0.43179
5.00000,0.85955,0.40083,0.40250,0.40166,2.00000,2.00000,0.43179
5.00000,0.86407,0.40282,0.40445,0.40364,2.00000,2.00000,0.43179
5.00000,0.86859,0.40486,0.40645,0.40566,2.00000,2.00000,0.43179
5.00000,0.87312,0.40694,0.40850,0.40772,2.00000,2.00000,0.43179
5.00000,0.87764,0.40907,0.41059,0.40983,2.00000,2.00000,0.43179
5.00000,0.88216,0.41125,0.41273,0.41199,2.00000,2.00000,0.43179
5.00000,0.88668,0.41348,0.41491,0.41420,2.00000,2.00000,0.43179
5.00000,0.89121,0.41576,0.41716,0.41646,2.00000,2.00000,0.43179
5.00000,0.89573,0.41810,0.41945,0.41878,2.00000,2.00000,0.43179
5.00000,0.90025,0.42050,0.42181,0.42116,2.00000,2.00000,0.43179
5.00000,0.90477,0.42296,0.42423,0.42359,2.00000,2.00000,0.43179
5.00000,0.90930,0.42549,0.42671,0.42610,2.00000,2.00000,0.43179
5.00000,0.91382,0.42808,0.42925,0.42867,2.00000,2.00000,0.43179
5.00000,0.91834,0.43075,0.43187,0.43131,2.00000,2.00000,0.43179
5.00000,0.92286,0.43349,0.43457,0.43403,2.00000,2.00000,0.43179
5.00000,0.92739,0.43631,0.43734,0.43683,2.00000,2.00000,0.43179
5.00000,0.93191,0.43922,0.44020,0.43971,2.00000,2.00000,0.43179
5.00000,0.93643,0.44223,0.44316,0.44269,2.00000,2.00000,0.43179
5.00000,0.94095,0.44533,0.44620,0.44577,2.00000,2.00000,0.43179
5.00000,0.94548,0.44853,0.44936,0.44895,2.00000,2.00000,0.43179
5.00000,0.95000,0.45185,0.45262,0.45224,2.00000,2.00000,0.43179
10.00000,0.05000,0.18635,0.20481,0.19558,2.00000,2.00000,0.43179
10.00000,0.05452,0.18032,0.19877,0.18955,2.00000,2.00000,0.43179
10.00000,0.05905,0.17496,0.19337,0.18416,2.00000,2.00000,0.43179
10.00000,0.06357,0.17016,0.18852,0.17934,2.00000,2.00000,0.43179
10.00000,0.06809,0.16584,0.18413,0.17499,2.00000,2.00000,0.43179
10.00000,0.07261,0.16194,0.18016,0.17105,2.00000,2.00000,0.43179
10.00000,0.07714,0.15840,0.17655,0.16747,2.00000,2.00000,0.43179
10.00000,0.08166,0.15518,0.17325,0.16421,2.00000,2.00000,0.43179
10.00000,0.08618,0.15224,0.17022,0.16123,2.00000,2.00000,0.43179
10.00000,0.09070,0.14955,0.16745,0.15850,2.00000,2.00000,0.43179
10.00000,0.09523,0.14708,0.16490,0.15599,2.00000,2.00000,0.43179
10.00000,0.09975,0.14482,0.16255,0.15368,2.00000,2.00000,0.43179
10.00000,0.10427,0.14273,0.16038,0.15156,2.00000,2.00000,0.43179
10.00000,0.10879,0.14081,0.15838,0.14959,2.00000,2.00000,0.43179
10.00000,0.11332,0.13903,0.15652,0.14777,2.00000,2.00000,0.43179
10.00000,0.11784,0.13739,0.15480,0.14609,2.00000,2.00000,0.43179
10.00000,0.12236,0.13587,0.15320,0.14453,2.00000,2.00000,0.43179
10.00000,0.12688,0.13446,0.15171,0.14309,2.00000,2.00000,0.43179
10.00000,0.13141,0.13316,0.15034,0.14175,2.00000,2.00000,0.43179
10.00000,0.13593,0.13195,0.14905,0.14050,2.00000,2.00000,0.43179
10.00000,0.14045,0.13083,0.14786,0.13935,2.00000,2.00000,0.43179
10.00000,0.14497,0.12980,0.14675,0.13827,2.00000,2.00000,0.43179
10.00000,0.14950,0.12883,0.14572,0.13728,2.00000,2.00000,0.43179
10.00000,0.15402,0.12794,0.14476,0.13635,2.00000,2.00000,0.43179
10.00000,0.15854,0.12711,0.14387,0.13549,2.00000,2.00000,0.43179
10.00000,0.16307,0.12635,0.14304,0.13470,2.00000,2.00000,0.43179
10.00000,0.16759,0.12564,0.14227,0.13396,2.00000,2.00000,0.43179
10.00000,0.17211,0.12499,0.14156,0.13327,2.00000,2.00000,0.43179
10.00000,0.17663,0.12438,0.14090,0.13264,2.00000,2.00000,0.43179
10.00000,0.18116,0.12383,0.14029,0.13206,2.00000,2.00000,0.43179
10.00000,0.18568,0.12332,0.13972,0.13152,2.00000,2.00000,0.43179
10.00000,0.19020,0.12285,0.13920,0.13102,2.00000,2.00000,0.43179
10.00000,0.19472,0.12242,0.13872,0.13057,2.00000,2.00000,0.43179
10.00000,0.19925,0.12203,0.13828,0.13015,2.00000,2.00000,0.43179
10.00000,0.20377,0.12168,0.13787,0.12978,2.00000,2.00000,0.43179
10.00000,0.20829,0.12136,0.13751,0.12943,2.00000,2.00000,0.43179
10.00000,0.21281,0.12107,0.13717,0.12912,2.00000,2.00000,0.43179
10.00000,0.21734,0.12082,0.13687,0.12884,2.00000,2.00000,0.43179
10.00000,0.22186,0.12059,0.13660,0.12860,2.00000,2.00000,0.43179
10.00000,0.22638,0.12039,0.13636,0.12838,2.00000,2.00000,0.43179
10.00000,0.23090,0.12023,0.13615,0.12819,2.00000,2.00000,0.43179
10.00000,0.23543,0.12008,0.13597,0.12803,2.00000,2.00000,0.43179
10.00000,0.23995,0.11997,0.13581,0.12789,2.00000,2.00000,0.43179
10.00000,0.24447,0.11987,0.13568,0.12777,2.00000,2.00000,0.43179
10.00000,0.24899,0.11980,0.13557,0.12769,2.00000,2.00000,0.43179
10.00000,0.25352,0.11976,0.13548,0.12762,2.00000,2.00000,0.43179
10.00000,0.25804,0.11973,0.13542,0.12758,2.00000,2.00000,0.43179
10.00000,0.26256,0.11973,0.13538,0.12755,2.00000,2.00000,0.43179
10.00000,0.26709,0.11974,0.13536,0.12755,2.00000,2.00000,0.43179
10.00000,0.27161,0.11978,0.13536,0.12757,2.00000,2.00000,0.43179
10.00000,0.27613,0.11983,0.13538,0.12761,2.00000,2.00000,0.43179
10.00000,0.28065,0.11991,0.13542,0.12767,2.00000,2.00000,0.43179
10.00000,0.28518,0.12000,0.13548,0.12774,2.00000,2.00000,0.43179
10.00000,0.28970,0.12011,0.13556,0.12783,2.00000,2.00000,0.43179
10.00000,0.29422,0.12023,0.13565,0.12794,2.00000,2.00000,0.43179
10.00000,0.29874,0.12038,0.13577,0.12807,2.00000,2.00000,0.43179
10.00000,0.30327,0.12054,0.13590,0.12822,2.00000,2.00000,0.43179
10.00000,0.30779,0.12071,0.13604,0.12838,2.00000,2.00000,0.43179
10.00000,0.31231,0.12090,0.13620,0.12855,2.00000,2.00000,0.43179
10.00000,0.31683,0.12111,0.13638,0.12875,2.00000,2.00000,0.43179
10.00000,0.32136,0.12133,0.13657,0.12895,2.00000,2.00000,0.43179
10.00000,0.32588,0.12157,0.13678,0.12918,2.00000,2.00000,0.43179
10.00000,0.33040,0.12182,0.13701,0.12941,2.00000,2.00000,0.43179
10.00000,0.33492,0.12208,0.13724,0.12966,2.00000,2.00000,0.43179
10.00000,0.33945,0.12236,0.13750,0.12993,2.00000,2.00000,0.43179
10.00000,0.34397,0.12265,0.13776,0.13021,2.00000,2.00000,0.43179
10.00000,0.34849,0.12296,0.13804,0.13050,2.00000,2.00000,0.43179
10.00000,0.35302,0.12328,0.13834,0.13081,2.00000,2.00000,0.43179
10.00000,0.35754,0.12361,0.13865,0.13113,2.00000,2.00000,0.43179
10.00000,0.36206,0.12396,0.13897,0.13146,2.00000,2.00000,0.43179
10.00000,0.36658,0.12432,0.13930,0.13181,2.00000,2.00000,0.43179
10.00000,0.37111,0.12469,0.13965,0.13217,2.00000,2.00000,0.43179
10.00000,0.37563,0.12507,0.14001,0.13254,2.00000,2.00000,0.43179
10.00000,0.38015,0.12547,0.14038,0.13293,2.00000,2.00000,0.43179
10.00000,0.38467,0.12588,0.14077,0.13332,2.00000,2.00000,0.43179
10.00000,0.38920,0.12630,0.14117,0.13374,2.00000,2.00000,0.43179
10.00000,0.39372,0.12674,0.14158,0.13416,2.00000,2.00000,0.43179
10.00000,0.39824,0.12719,0.14200,0.13459,2.00000,2.00000,0.43179
10.00000,0.40276,0.12764,0.14244,0.13504,2.00000,2.00000,0.43179
10.00000,0.40729,0.12812,0.14289,0.13550,2.00000,2.00000,0.43179
10.00000,0.41181,0.12860,0.14335,0.13598,2.00000,2.00000,0.43179
10.00000,0.41633,0.12910,0.14382,0.13646,2.00000,2.00000,0.43179
10.00000,0.42085,0.12960,0.14431,0.13696,2.00000,2.00000,0.43179
10.00000,0.42538,0.13013,0.14481,0.13747,2.00000,2.00000,0.43179
10.00000,0.42990,0.13066,0.14532,0.13799,2.00000,2.00000,0.43179
10.00000,0.43442,0.13120,0.14584,0.13852,2.00000,2.00000,0.43179
10.00000,0.43894,0.13176,0.14637,0.13907,2.00000,2.00000,0.43179
10.00000,0.44347,0.13233,0.14692,0.13963,2.00000,2.00000,0.43179
10.00000,0.44799,0.13291,0.14748,0.14020,2.00000,2.00000,0.43179
10.00000,0.45251,0.13350,0.14805,0.14078,2.00000,2.00000,0.43179
10.00000,0.45704,0.13411,0.14864,0.14137,2.00000,2.00000,0.43179
10.00000,0.46156,0.13473,0.14923,0.14198,2.00000,2.00000,0.43179
10.00000,0.46608,0.13536,0.14984,0.14260,2.00000,2.00000,0.43179
10.00000,0.47060,0.13600,0.15046,0.14323,2.00000,2.00000,0.43179
10.00000,0.47513,0.13666,0.15110,0.14388,2.00000,2.00000,0.43179
10.00000,0.47965,0.13733,0.15174,0.14453,2.00000,2.00000,0.43179
10.00000,0.48417,0.13801,0.15240,0.14520,2.00000,2.00000,0.43179
10.00000,0.48869,0.13870,0.15307,0.14589,2.00000,2.00000,0.43179
10.00000,0.49322,0.13941,0.15376,0.14658,2.00000,2.00000,0.43179
10.00000,0.49774,0.14013,0.15445,0.14729,2.00000,2.00000,0.43179
10.00000,0.50226,0.14086,0.15516,0.14801,2.00000,2.00000,0.43179
10.00000,0.50678,0.14161,0.15589,0.14875,2.00000,2.00000,0.43179
10.00000,0.51131,0.14237,0.15662,0.14950,2.00000,2.00000,0.43179
10.00000,0.51583,0.14314,0.15737,0.15026,2.00000,2.00000,0.43179
10.00000,0.52035,0.14393,0.15814,0.15103,2.00000,2.00000,0.43179
10.00000,0.52487,0.14473,0.15891,0.15182,2.00000,2.00000,0.43179
10.00000,0.52940,0.14554,0.15970,0.15262,2.00000,2.00000,0.43179
10.00000,0.53392,0.14637,0.16051,0.15344,2.00000,2.00000,0.43179
10.00000,0.53844,0.14721,0.16132,0.15427,2.00000,2.00000,0.43179
10.00000,0.54296,0.14807,0.16216,0.15511,2.00000,2.00000,0.43179
10.00000,0.54749,0.14894,0.16300,0.15597,2.00000,2.00000,0.43179
10.00000,0.55201,0.14983,0.16386,0.15685,2.00000,2.00000,0.43179
10.00000,0.55653,0.15073,0.16474,0.15773,2.00000,2.00000,0.43179
10.00000,0.56106,0.15165,0.16563,0.15864,2.00000,2.00000,0.43179
10.00000,0.56558,0.15258,0.16653,0.15956,2.00000,2.00000,0.43179
10.00000,0.57010,0.15353,0.16745,0.16049,2.00000,2.00000,0.43179
10.00000,0.57462,0.15449,0.16839,0.16144,2.00000,2.00000,0.43179
10.00000,0.57915,0.15547,0.16934,0.16240,2.00000,2.00000,0.43179
10.00000,0.58367,0.15646,0.17031,0.16339,2.00000,2.00000,0.43179
10.00000,0.58819,0.15748,0.17129,0.16438,2.00000,2.00000,0.43179
10.00000,0.59271,0.15851,0.17229,0.16540,2.00000,2.00000,0.43179
10.00000,0.59724,0.15955,0.17331,0.16643,2.00000,2.00000,0.43179
10.00000,0.60176,0.16061,0.17434,0.16748,2.00000,2.00000,0.43179
10.00000,0.60628,0.16170,0.17539,0.16854,2.00000,2.00000,0.43179
10.00000,0.61080,0.16279,0.17646,0.16963,2.00000,2.00000,0.43179
10.00000,0.61533,0.16391,0.17754,0.17073,2.00000,2.00000,0.43179
10.00000,0.61985,0.16505,0.17865,0.17185,2.00000,2.00000,0.43179
10.00000,0.62437,0.16620,0.17977,0.17298,2.00000,2.00000,0.43179
10.00000,0.62889,0.16738,0.18091,0.17414,2.00000,2.00000,0.43179
10.00000,0.63342,0.16857,0.18207,0.17532,2.00000,2.00000,0.43179
10.00000,0.63794,0.16978,0.18325,0.17651,2.00000,2.00000,0.43179
10.00000,0.64246,0.17102,0.18444,0.17773,2.00000,2.00000,0.43179
10.00000,0.64698,0.17227,0.18566,0.17897,2.00000,2.00000,0.43179
10.00000,0.65151,0.17355,0.18690,0.18022,2.00000,2.00000,0.43179
10.00000,0.65603,0.17484,0.18816,0.18150,2.00000,2.00000,0.43179
10.00000,0.66055,0.17616,0.18944,0.18280,2.00000,2.00000,0.43179
10.00000,0.66508,0.17750,0.19074,0.18412,2.00000,2.00000,0.43179
10.00000,0.66960,0.17887,0.19207,0.18547,2.00000,2.00000,0.43179
10.00000,0.67412,0.18026,0.19341,0.18683,2.00000,2.00000,0.43179
10.00000,0.67864,0.18167,0.19478,0.18823,2.00000,2.00000,0.43179
10.00000,0.68317,0.18310,0.19618,0.18964,2.00000,2.00000,0.43179
10.00000,0.68769,0.18457,0.19760,0.19108,2.00000,2.00000,0.43179
10.00000,0.69221,0.18605,0.19904,0.19255,2.00000,2.00000,0.43179
10.00000,0.69673,0.18757,0.20051,0.19404,2.00000,2.00000,0.43179
10.00000,0.70126,0.18911,0.20200,0.19555,2.00000,2.00000,0.43179
10.00000,0.70578,0.19067,0.20352,0.19710,2.00000,2.00000,0.43179
10.00000,0.71030,0.19227,0.20507,0.19867,2.00000,2.00000,0.43179
10.00000,0.71482,0.19390,0.20664,0.20027,2.00000,2.00000,0.43179
10.00000,0.71935,0.19555,0.20824,0.20190,2.00000,2.00000,0.43179
10.00000,0.72387,0.19723,0.20987,0.20355,2.00000,2.00000,0.43179
10.00000,0.72839,0.19895,0.21154,0.20524,2.00000,2.00000,0.43179
10.00000,0.73291,0.20070,0.21323,0.20696,2.00000,2.00000,0.43179
10.00000,0.73744,0.20248,0.21495,0.20872,2.00000,2.00000,0.43179
10.00000,0.74196,0.20429,0.21671,0.21050,2.00000,2.00000,0.43179
10.00000,0.74648,0.20614,0.21850,0.21232,2.00000,2.00000,0.43179
10.00000,0.75101,0.20803,0.22032,0.21417,2.00000,2.00000,0.43179
10.00000,0.75553,0.20995,0.22218,0.21606,2.00000,2.00000,0.43179
10.00000,0.76005,0.21190,0.22407,0.21799,2.00000,2.00000,0.43179
10.00000,0.76457,0.21390,0.22601,0.21995,2.00000,2.00000,0.43179
10.00000,0.76910,0.21594,0.22798,0.22196,2.00000,2.00000,0.43179
10.00000,0.77362,0.21802,0.22998,0.22400,2.00000,2.00000,0.43179
10.00000,0.77814,0.22014,0.23203,0.22609,2.00000,2.00000,0.43179
10.00000,0.78266,0.22230,0.23413,0.22822,2.00000,2.00000,0.43179
10.00000,0.78719,0.22451,0.23626,0.23039,2.00000,2.00000,0.43179
10.00000,0.79171,0.22677,0.23844,0.23261,2.00000,2.00000,0.43179
10.00000,0.79623,0.22908,0.24067,0.23487,2.00000,2.00000,0.43179
10.00000,0.80075,0.23143,0.24294,0.23719,2.00000,2.00000,0.43179
10.00000,0.80528,0.23384,0.24526,0.23955,2.00000,2.00000,0.43179
10.00000,0.80980,0.23630,0.24764,0.24197,2.00000,2.00000,0.43179
10.00000,0.81432,0.23882,0.25006,0.24444,2.00000,2.00000,0.43179
10.00000,0.81884,0.24139,0.25254,0.24697,2.00000,2.00000,0.43179
10.00000,0.82337,0.24402,0.25508,0.24955,2.00000,2.00000,0.43179
10.00000,0.82789,0.24672,0.25768,0.25220,2.00000,2.00000,0.43179
10.00000,0.83241,0.24948,0.26034,0.25491,2.00000,2.00000,0.43179
10.00000,0.83693,0.25231,0.26307,0.25769,2.00000,2.00000,0.43179
10.00000,0.84146,0.25521,0.26586,0.26053,2.00000,2.00000,0.43179
10.00000,0.84598,0.25818,0.26872,0.26345,2.00000,2.00000,0.43179
10.00000,0.85050,0.26123,0.27165,0.26644,2.00000,2.00000,0.43179
10.00000,0.85503,0.26436,0.27466,0.26951,2.00000,2.00000,0.43179
10.00000,0.85955,0.26757,0.27775,0.27266,2.00000,2.00000,0.43179
10.00000,0.86407,0.27087,0.28093,0.27590,2.00000,2.00000,0.43179
10.00000,0.86859,0.27426,0.28419,0.27923,2.00000,2.00000,0.43179
10.00000,0.87312,0.27776,0.28755,0.28265,2.00000,2.00000,0.43179
10.00000,0.87764,0.28135,0.29100,0.28618,2.00000,2.00000,0.43179
10.00000,0.88216,0.28505,0.29456,0.28981,2.00000,2.00000,0.43179
10.00000,0.88668,0.28887,0.29822,0.29355,2.00000,2.00000,0.43179
10.00000,0.89121,0.29281,0.30201,0.29741,2.00000,2.00000,0.43179
10.00000,0.89573,0.29688,0.30591,0.30139,2.00000,2.00000,0.43179
10.00000,0.90025,0.30108,0.30995,0.30551,2.00000,2.00000,0.43179
10.00000,0.90477,0.30543,0.31412,0.30978,2.00000,2.00000,0.43179
10.00000,0.90930,0.30995,0.31845,0.31420,2.00000,2.00000,0.43179
10.00000,0.91382,0.31462,0.32293,0.31878,2.00000,2.00000,0.43179
10.00000,0.91834,0.31949,0.32759,0.32354,2.00000,2.00000,0.43179
10.00000,0.92286,0.32455,0.33244,0.32849,2.00000,2.00000,0.43179
10.00000,0.92739,0.32982,0.33749,0.33366,2.00000,2.00000,0.43179
10.00000,0.93191,0.33533,0.34277,0.33905,2.00000,2.00000,0.43179
10.00000,0.93643,0.34110,0.34829,0.34470,2.00000,2.00000,0.43179
10.00000,0.94095,0.34716,0.35409,0.35063,2.00000,2.00000,0.43179
10.00000,0.94548,0.35354,0.36019,0.35686,2.00000,2.00000,0.43179
10.00000,0.95000,0.36027,0.36663,0.36345,2.00000,2.00000,0.43179
20.00000,0.05000,0.00270,0.01601,0.00936,2.00000,2.00000,0.43179
20.00000,0.05452,0.00264,0.01566,0.00915,2.00000,2.00000,0.43179
20.00000,0.05905,0.00259,0.01537,0.00898,2.00000,2.00000,0.43179
20.00000,0.06357,0.00255,0.01514,0.00884,2.00000,2.00000,0.43179
20.00000,0.06809,0.00252,0.01495,0.00873,2.00000,2.00000,0.43179
20.00000,0.07261,0.00249,0.01479,0.00864,2.00000,2.00000,0.43179
20.00000,0.07714,0.00247,0.01466,0.00856,2.00000,2.00000,0.43179
20.00000,0.08166,0.00245,0.01455,0.00850,2.00000,2.00000,0.43179
20.00000,0.08618,0.00244,0.01446,0.00845,2.00000,2.00000,0.43179
20.00000,0.09070,0.00244,0.01438,0.00841,2.00000,2.00000,0.43179
20.00000,0.09523,0.00243,0.01432,0.00838,2.00000,2.00000,0.43179
20.00000,0.09975,0.00243,0.01427,0.00835,2.00000,2.00000,0.43179
20.00000,0.10427,0.00243,0.01424,0.00833,2.00000,2.00000,0.43179
20.00000,0.10879,0.00243,0.01421,0.00832,2.00000,2.00000,0.43179
20.00000,0.11332,0.00243,0.01419,0.00831,2.00000,2.00000,0.43179
20.00000,0.11784,0.00243,0.01418,0.00831,2.00000,2.00000,0.43179
20.00000,0.12236,0.00244,0.01418,0.00831,2.00000,2.00000,0.43179
20.00000,0.12688,0.00245,0.01418,0.00831,2.00000,2.00000,0.43179
20.00000,0.13141,0.00245,0.01418,0.00832,2.00000,2.00000,0.43179
20.00000,0.13593,0.00246,0.01420,0.00833,2.00000,2.00000,0.43179
20.00000,0.14045,0.00247,0.01421,0.00834,2.00000,2.00000,0.43179
20.00000,0.14497,0.00249,0.01424,0.00836,2.00000,2.00000,0.43179
20.00000,0.14950,0.00250,0.01426,0.00838,2.00000,2.00000,0.43179
20.00000,0.15402,0.00251,0.01429,0.00840,2.00000,2.00000,0.43179
20.00000,0.15854,0.00252,0.01432,0.00842,2.00000,2.00000,0.43179
20.00000,0.16307,0.00254,0.01436,0.00845,2.00000,2.00000,0.43179
20.00000,0.16759,0.00255,0.01440,0.00848,2.00000,2.00000,0.43179
20.00000,0.17211,0.00257,0.01444,0.00851,2.00000,2.00000,0.43179
20.00000,0.17663,0.00259,0.01449,0.00854,2.00000,2.00000,0.43179
20.00000,0.18116,0.00260,0.01454,0.00857,2.00000,2.00000,0.43179
20.00000,0.18568,0.00262,0.01459,0.00860,2.00000,2.00000,0.43179
20.00000,0.19020,0.00264,0.01464,0.00864,2.00000,2.00000,0.43179
20.00000,0.19472,0.00266,0.01470,0.00868,2.00000,2.00000,0.43179
20.00000,0.19925,0.00268,0.01476,0.00872,2.00000,2.00000,0.43179
20.00000,0.20377,0.00270,0.01482,0.00876,2.00000,2.00000,0.43179
20.00000,0.20829,0.00272,0.01488,0.00880,2.00000,2.00000,0.43179
20.00000,0.21281,0.00274,0.01494,0.00884,2.00000,2.00000,0.43179
20.00000,0.21734,0.00276,0.01501,0.00889,2.00000,2.00000,0.43179
20.00000,0.22186,0.00279,0.01508,0.00893,2.00000,2.00000,0.43179
20.00000,0.22638,0.00281,0.01515,0.00898,2.00000,2.00000,0.43179
20.00000,0.23090,0.00283,0.01523,0.00903,2.00000,2.00000,0.43179
20.00000,0.23543,0.00286,0.01530,0.00908,2.00000,2.00000,0.43179
20.00000,0.23995,0.00288,0.01538,0.00913,2.00000,2.00000,0.43179
20.00000,0.24447,0.00291,0.01546,0.00918,2.00000,2.00000,0.43179
20.00000,0.24899,0.00294,0.01554,0.00924,2.00000,2.00000,0.43179
20.00000,0.25352,0.00296,0.01562,0.00929,2.00000,2.00000,0.43179
20.00000,0.25804,0.00299,0.01571,0.00935,2.00000,2.00000,0.43179
20.00000,0.26256,0.00302,0.01580,0.00941,2.00000,2.00000,0.43179
20.00000,0.26709,0.00305,0.01588,0.00947,2.00000,2.00000,0.43179
20.00000,0.27161,0.00308,0.01598,0.00953,2.00000,2.00000,0.43179
20.00000,0.27613,0.00311,0.01607,0.00959,2.00000,2.00000,0.43179
20.00000,0.28065,0.00314,0.01616,0.00965,2.00000,2.00000,0.43179
20.00000,0.28518,0.00317,0.01626,0.00971,2.00000,2.00000,0.43179
20.00000,0.28970,0.00320,0.01636,0.00978,2.00000,2.00000,0.43179
20.00000,0.29422,0.00323,0.01646,0.00985,2.00000,2.00000,0.43179
20.00000,0.29874,0.00327,0.01656,0.00991,2.00000,2.00000,0.43179
20.00000,0.30327,0.00330,0.01667,0.00998,2.00000,2.00000,0.43179
20.00000,0.30779,0.00333,0.01677,0.01005,2.00000,2.00000,0.43179
20.00000,0.31231,0.00337,0.01688,0.01013,2.00000,2.00000,0.43179
20.00000,0.31683,0.00341,0.01699,0.01020,2.00000,2.00000,0.43179
20.00000,0.32136,0.00344,0.01711,0.01027,2.00000,2.00000,0.43179
20.00000,0.32588,0.00348,0.01722,0.01035,2.00000,2.00000,0.43179
20.00000,0.33040,0.00352,0.01734,0.01043,2.00000,2.00000,0.43179
20.00000,0.33492,0.00356,0.01746,0.01051,2.00000,2.00000,0.43179
20.00000,0.33945,0.00360,0.01758,0.01059,2.00000,2.00000,0.43179
20.00000,0.34397,0.00364,0.01771,0.01067,2.00000,2.00000,0.43179
20.00000,0.34849,0.00368,0.01783,0.01075,2.00000,2.00000,0.43179
20.00000,0.35302,0.00372,0.01796,0.01084,2.00000,2.00000,0.43179
20.00000,0.35754,0.00376,0.01809,0.01093,2.00000,2.00000,0.43179
20.00000,0.36206,0.00381,0.01822,0.01102,2.00000,2.00000,0.43179
20.00000,0.36658,0.00385,0.01836,0.01111,2.00000,2.00000,0.43179
20.00000,0.37111,0.00390,0.01850,0.01120,2.00000,2.00000,0.43179
20.00000,0.37563,0.00394,0.01864,0.01129,2.00000,2.00000,0.43179
20.00000,0.38015,0.00399,0.01878,0.01139,2.00000,2.00000,0.43179
20.00000,0.38467,0.00404,0.01893,0.01148,2.00000,2.00000,0.43179
20.00000,0.38920,0.00409,0.01908,0.01158,2.00000,2.00000,0.43179
20.00000,0.39372,0.00414,0.01923,0.01168,2.00000,2.00000,0.43179
20.00000,0.39824,0.00419,0.01938,0.01179,2.00000,2.00000,0.43179
20.00000,0.40276,0.00424,0.01954,0.01189,2.00000,2.00000,0.43179
20.00000,0.40729,0.00430,0.01970,0.01200,2.00000,2.00000,0.43179
20.00000,0.41181,0.00435,0.01986,0.01211,2.00000,2.00000,0.43179
20.00000,0.41633,0.00441,0.02003,0.01222,2.00000,2.00000,0.43179
20.00000,0.42085,0.00447,0.02020,0.01233,2.00000,2.00000,0.43179
20.00000,0.42538,0.00453,0.02037,0.01245,2.00000,2.00000,0.43179
20.00000,0.42990,0.00459,0.02054,0.01256,2.00000,2.00000,0.43179
20.00000,0.43442,0.00465,0.02072,0.01268,2.00000,2.00000,0.43179
20.00000,0.43894,0.00471,0.02090,0.01281,2.00000,2.00000,0.43179
20.00000,0.44347,0.00477,0.02109,0.01293,2.00000,2.00000,0.43179
20.00000,0.44799,0.00484,0.02128,0.01306,2.00000,2.00000,0.43179
20.00000,0.45251,0.00490,0.02147,0.01319,2.00000,2.00000,0.43179
20.00000,0.45704,0.00497,0.02166,0.01332,2.00000,2.00000,0.43179
20.00000,0.46156,0.00504,0.02186,0.01345,2.00000,2.00000,0.43179
20.00000,0.46608,0.00511,0.02207,0.01359,2.00000,2.00000,0.43179
20.00000,0.47060,0.00519,0.02227,0.01373,2.00000,2.00000,0.43179
20.00000,0.47513,0.00526,0.02248,0.01387,2.00000,2.00000,0.43179
20.00000,0.47965,0.00534,0.02270,0.01402,2.00000,2.00000,0.43179
20.00000,0.48417,0.00541,0.02292,0.01417,2.00000,2.00000,0.43179
20.00000,0.48869,0.00549,0.02314,0.01432,2.00000,2.00000,0.43179
20.00000,0.49322,0.00558,0.02337,0.01447,2.00000,2.00000,0.43179
20.00000,0.49774,0.00566,0.02360,0.01463,2.00000,2.00000,0.43179
20.00000,0.50226,0.00575,0.02384,0.01479,2.00000,2.00000,0.43179
20.00000,0.50678,0.00583,0.02408,0.01496,2.00000,2.00000,0.43179
20.00000,0.51131,0.00592,0.02433,0.01513,2.00000,2.00000,0.43179
20.00000,0.51583,0.00601,0.02458,0.01530,2.00000,2.00000,0.43179
20.00000,0.52035,0.00611,0.02484,0.01547,2.00000,2.00000,0.43179
20.00000,0.52487,0.00621,0.02510,0.01565,2.00000,2.00000,0.43179
20.00000,0.52940,0.00630,0.02537,0.01584,2.00000,2.00000,0.43179
20.00000,0.53392,0.00641,0.02564,0.01603,2.00000,2.00000,0.43179
20.00000,0.53844,0.00651,0.02592,0.01622,2.00000,2.00000,0.43179
20.00000,0.54296,0.00662,0.02621,0.01641,2.00000,2.00000,0.43179
20.00000,0.54749,0.00673,0.02650,0.01661,2.00000,2.00000,0.43179
20.00000,0.55201,0.00684,0.02680,0.01682,2.00000,2.00000,0.43179
20.00000,0.55653,0.00695,0.02711,0.01703,2.00000,2.00000,0.43179
20.00000,0.56106,0.00707,0.02742,0.01724,2.00000,2.00000,0.43179
20.00000,0.56558,0.00719,0.02773,0.01746,2.00000,2.00000,0.43179
20.00000,0.57010,0.00732,0.02806,0.01769,2.00000,2.00000,0.43179
20.00000,0.57462,0.00744,0.02839,0.01792,2.00000,2.00000,0.43179
20.00000,0.57915,0.00758,0.02873,0.01815,2.00000,2.00000,0.43179
20.00000,0.58367,0.00771,0.02908,0.01840,2.00000,2.00000,0.43179
20.00000,0.58819,0.00785,0.02944,0.01864,2.00000,2.00000,0.43179
20.00000,0.59271,0.00799,0.02980,0.01890,2.00000,2.00000,0.43179
20.00000,0.59724,0.00814,0.03017,0.01916,2.00000,2.00000,0.43179
20.00000,0.60176,0.00829,0.03056,0.01942,2.00000,2.00000,0.43179
20.00000,0.60628,0.00845,0.03095,0.01970,2.00000,2.00000,0.43179
20.00000,0.61080,0.00860,0.03135,0.01998,2.00000,2.00000,0.43179
20.00000,0.61533,0.00877,0.03176,0.02026,2.00000,2.00000,0.43179
20.00000,0.61985,0.00894,0.03218,0.02056,2.00000,2.00000,0.43179
20.00000,0.62437,0.00911,0.03261,0.02086,2.00000,2.00000,0.43179
20.00000,0.62889,0.00929,0.03305,0.02117,2.00000,2.00000,0.43179
20.00000,0.63342,0.00948,0.03350,0.02149,2.00000,2.00000,0.43179
20.00000,0.63794,0.00967,0.03397,0.02182,2.00000,2.00000,0.43179
20.00000,0.64246,0.00986,0.03444,0.02215,2.00000,2.00000,0.43179
20.00000,0.64698,0.01007,0.03493,0.02250,2.00000,2.00000,0.43179
20.00000,0.65151,0.01028,0.03543,0.02285,2.00000,2.00000,0.43179
20.00000,0.65603,0.01049,0.03594,0.02322,2.00000,2.00000,0.43179
20.00000,0.66055,0.01072,0.03647,0.02359,2.00000,2.00000,0.43179
20.00000,0.66508,0.01095,0.03701,0.02398,2.00000,2.00000,0.43179
20.00000,0.66960,0.01118,0.03757,0.02438,2.00000,2.00000,0.43179
20.00000,0.67412,0.01143,0.03814,0.02479,2.00000,2.00000,0.43179
20.00000,0.67864,0.01169,0.03873,0.02521,2.00000,2.00000,0.43179
20.00000,0.68317,0.01195,0.03934,0.02564,2.00000,2.00000,0.43179
20.00000,0.68769,0.01222,0.03996,0.02609,2.00000,2.00000,0.43179
20.00000,0.69221,0.01250,0.04060,0.02655,2.00000,2.00000,0.43179
20.00000,0.69673,0.01279,0.04126,0.02702,2.00000,2.00000,0.43179
20.00000,0.70126,0.01310,0.04193,0.02752,2.00000,2.00000,0.43179
20.00000,0.70578,0.01341,0.04263,0.02802,2.00000,2.00000,0.43179
20.00000,0.71030,0.01374,0.04335,0.02854,2.00000,2.00000,0.43179
20.00000,0.71482,0.01407,0.04409,0.02908,2.00000,2.00000,0.43179
20.00000,0.71935,0.01442,0.04485,0.02964,2.00000,2.00000,0.43179
20.00000,0.72387,0.01479,0.04564,0.03021,2.00000,2.00000,0.43179
20.00000,0.72839,0.01516,0.04645,0.03081,2.00000,2.00000,0.43179
20.00000,0.73291,0.01556,0.04729,0.03142,2.00000,2.00000,0.43179
20.00000,0.73744,0.01596,0.04816,0.03206,2.00000,2.00000,0.43179
20.00000,0.74196,0.01639,0.04905,0.03272,2.00000,2.00000,0.43179
20.00000,0.74648,0.01683,0.04998,0.03340,2.00000,2.00000,0.43179
20.00000,0.75101,0.01729,0.05093,0.03411,2.00000,2.00000,0.43179
20.00000,0.75553,0.01777,0.05192,0.03484,2.00000,2.00000,0.43179
20.00000,0.76005,0.01827,0.05294,0.03561,2.00000,2.00000,0.43179
20.00000,0.76457,0.01880,0.05400,0.03640,2.00000,2.00000,0.43179
20.00000,0.76910,0.01934,0.05509,0.03722,2.00000,2.00000,0.43179
20.00000,0.77362,0.01991,0.05622,0.03807,2.00000,2.00000,0.43179
20.00000,0.77814,0.02051,0.05740,0.03895,2.00000,2.00000,0.43179
20.00000,0.78266,0.02113,0.05862,0.03987,2.00000,2.00000,0.43179
20.00000,0.78719,0.02178,0.05988,0.04083,2.00000,2.00000,0.43179
20.00000,0.79171,0.02247,0.06119,0.04183,2.00000,2.00000,0.43179
20.00000,0.79623,0.02318,0.06256,0.04287,2.00000,2.00000,0.43179
20.00000,0.80075,0.02394,0.06397,0.04396,2.00000,2.00000,0.43179
20.00000,0.80528,0.02473,0.06545,0.04509,2.00000,2.00000,0.43179
20.00000,0.80980,0.02556,0.06698,0.04627,2.00000,2.00000,0.43179
20.00000,0.81432,0.02643,0.06858,0.04751,2.00000,2.00000,0.43179
20.00000,0.81884,0.02735,0.07024,0.04880,2.00000,2.00000,0.43179
20.00000,0.82337,0.02832,0.07198,0.05015,2.00000,2.00000,0.43179
20.00000,0.82789,0.02935,0.07379,0.05157,2.00000,2.00000,0.43179
20.00000,0.83241,0.03043,0.07568,0.05305,2.00000,2.00000,0.43179
20.00000,0.83693,0.03157,0.07766,0.05461,2.00000,2.00000,0.43179
20.00000,0.84146,0.03278,0.07972,0.05625,2.00000,2.00000,0.43179
20.00000,0.84598,0.03406,0.08188,0.05797,2.00000,2.00000,0.43179
20.00000,0.85050,0.03542,0.08415,0.05979,2.00000,2.00000,0.43179
20.00000,0.85503,0.03686,0.08653,0.06170,2.00000,2.00000,0.43179
20.00000,0.85955,0.03840,0.08902,0.06371,2.00000,2.00000,0.43179
20.00000,0.86407,0.04004,0.09164,0.06584,2.00000,2.00000,0.43179
20.00000,0.86859,0.04178,0.09440,0.06809,2.00000,2.00000,0.43179
20.00000,0.87312,0.04365,0.09730,0.07047,2.00000,2.00000,0.43179
20.00000,0.87764,0.04564,0.10036,0.07300,2.00000,2.00000,0.43179
20.00000,0.88216,0.04778,0.10359,0.07568,2.00000,2.00000,0.43179
20.00000,0.88668,0.05008,0.10700,0.07854,2.00000,2.00000,0.43179
20.00000,0.89121,0.05255,0.11061,0.08158,2.00000,2.00000,0.43179
20.00000,0.89573,0.05521,0.11444,0.08482,2.00000,2.00000,0.43179
20.00000,0.90025,0.05808,0.11850,0.08829,2.00000,2.00000,0.43179
20.00000,0.90477,0.06120,0.12282,0.09201,2.00000,2.00000,0.43179
20.00000,0.90930,0.06457,0.12742,0.09600,2.00000,2.00000,0.43179
20.00000,0.91382,0.06825,0.13232,0.10029,2.00000,2.00000,0.43179
20.00000,0.91834,0.07226,0.13757,0.10491,2.00000,2.00000,0.43179
20.00000,0.92286,0.07665,0.14319,0.10992,2.00000,2.00000,0.43179
20.00000,0.92739,0.08147,0.14923,0.11535,2.00000,2.00000,0.43179
20.00000,0.93191,0.08678,0.15574,0.12126,2.00000,2.00000,0.43179
20.00000,0.93643,0.09265,0.16276,0.12770,2.00000,2.00000,0.43179
20.00000,0.94095,0.09917,0.17037,0.13477,2.00000,2.00000,0.43179
20.00000,0.94548,0.10645,0.17866,0.14255,2.00000,2.00000,0.43179
20.00000,0.95000,0.11462,0.18770,0.15116,2.00000,2.00000,0.43179
